date,aggregator,candidate,value,date_added,error
2024-07-21,Economist,Harris,0.47,2024-09-14 01:24:27.273781,
2024-07-21,Economist,Trump,0.46,2024-09-14 01:24:27.273721,
2024-07-21,NS,Harris,0.411,2024-09-14 01:24:05.276189,
2024-07-21,NS,Trump,0.456,2024-09-14 01:24:05.276189,
2024-07-21,NYT,Harris,0.49,2024-09-14 01:24:05.276412,
2024-07-21,NYT,Trump,0.46,2024-09-14 01:24:05.276189,
2024-07-22,Economist,Harris,0.47,2024-09-14 01:24:27.273862,
2024-07-22,Economist,Trump,0.46,2024-09-14 01:24:27.273824,
2024-07-22,NS,Harris,0.427,2024-09-14 01:24:05.276189,
2024-07-22,NS,Trump,0.468,2024-09-14 01:24:05.276189,
2024-07-22,NYT,Harris,0.45,2024-09-14 01:24:05.276523,
2024-07-22,NYT,Trump,0.48,2024-09-14 01:24:05.276612,
2024-07-23,Economist,Harris,0.47,2024-09-14 01:24:27.273934,
2024-07-23,Economist,Trump,0.46,2024-09-14 01:24:27.273898,
2024-07-23,NS,Harris,0.427,2024-09-14 01:24:05.276189,
2024-07-23,NS,Trump,0.442,2024-09-14 01:24:05.276189,
2024-07-23,NYT,Harris,0.45,2024-09-14 01:24:05.276700,
2024-07-23,NYT,Trump,0.47,2024-09-14 01:24:05.276783,
2024-07-23,RCP,Harris,0.459,2024-09-14 01:17:56.200592,
2024-07-23,RCP,Trump,0.475,2024-09-14 01:17:56.200975,
2024-07-24,538,Harris,0.449,2024-09-14 01:15:27.478504,
2024-07-24,538,Trump,0.44,2024-09-14 01:15:27.478594,
2024-07-24,Economist,Harris,0.47,2024-09-14 01:24:27.274001,
2024-07-24,Economist,Trump,0.46,2024-09-14 01:24:27.273968,
2024-07-24,NS,Harris,0.433,2024-09-14 01:24:05.276189,
2024-07-24,NS,Trump,0.448,2024-09-14 01:24:05.276189,
2024-07-24,NYT,Harris,0.45,2024-09-14 01:24:05.276865,
2024-07-24,NYT,Trump,0.47,2024-09-14 01:24:05.276948,
2024-07-24,RCP,Harris,0.459,2024-09-14 01:17:56.201253,
2024-07-24,RCP,Trump,0.476,2024-09-14 01:17:56.201371,
2024-07-25,538,Harris,0.446,2024-09-14 01:15:27.478836,
2024-07-25,538,Trump,0.442,2024-09-14 01:15:27.479026,
2024-07-25,Economist,Harris,0.48,2024-09-14 01:24:27.274069,
2024-07-25,Economist,Trump,0.46,2024-09-14 01:24:27.274036,
2024-07-25,NS,Harris,0.433,2024-09-14 01:24:05.276189,
2024-07-25,NS,Trump,0.446,2024-09-14 01:24:05.276189,
2024-07-25,NYT,Harris,0.45,2024-09-14 01:24:05.277037,
2024-07-25,NYT,Trump,0.47,2024-09-14 01:24:05.277120,
2024-07-25,RCP,Harris,0.46,2024-09-14 01:17:56.201697,
2024-07-25,RCP,Trump,0.479,2024-09-14 01:17:56.202008,
2024-07-26,538,Harris,0.442,2024-09-14 01:15:27.479109,
2024-07-26,538,Trump,0.439,2024-09-14 01:15:27.479209,
2024-07-26,Economist,Harris,0.48,2024-09-14 01:24:27.274136,
2024-07-26,Economist,Trump,0.46,2024-09-14 01:24:27.274102,
2024-07-26,NS,Harris,0.438,2024-09-14 01:24:05.276189,
2024-07-26,NS,Trump,0.444,2024-09-14 01:24:05.276189,
2024-07-26,NYT,Harris,0.46,2024-09-14 01:24:05.277199,
2024-07-26,NYT,Trump,0.47,2024-09-14 01:24:05.277277,
2024-07-26,RCP,Harris,0.462,2024-09-14 01:17:56.202277,
2024-07-26,RCP,Trump,0.479,2024-09-14 01:17:56.202489,
2024-07-27,538,Harris,0.442,2024-09-14 01:15:27.479299,
2024-07-27,538,Trump,0.439,2024-09-14 01:15:27.479374,
2024-07-27,Economist,Harris,0.48,2024-09-14 01:24:27.274202,
2024-07-27,Economist,Trump,0.46,2024-09-14 01:24:27.274169,
2024-07-27,NS,Harris,0.438,2024-09-14 01:24:05.276189,
2024-07-27,NS,Trump,0.444,2024-09-14 01:24:05.276189,
2024-07-27,NYT,Harris,0.46,2024-09-14 01:24:05.277354,
2024-07-27,NYT,Trump,0.47,2024-09-14 01:24:05.277433,
2024-07-27,RCP,Harris,0.462,2024-09-14 01:17:56.202617,
2024-07-27,RCP,Trump,0.478,2024-09-14 01:17:56.202731,
2024-07-28,538,Harris,0.443,2024-09-14 01:15:27.479446,
2024-07-28,538,Trump,0.441,2024-09-14 01:15:27.479516,
2024-07-28,Economist,Harris,0.48,2024-09-14 01:24:27.274268,
2024-07-28,Economist,Trump,0.46,2024-09-14 01:24:27.274235,
2024-07-28,NS,Harris,0.443,2024-09-14 01:24:05.276189,
2024-07-28,NS,Trump,0.45,2024-09-14 01:24:05.276189,
2024-07-28,NYT,Harris,0.46,2024-09-14 01:24:05.277789,
2024-07-28,NYT,Trump,0.47,2024-09-14 01:24:05.277942,
2024-07-28,RCP,Harris,0.461,2024-09-14 01:17:56.203363,
2024-07-28,RCP,Trump,0.479,2024-09-14 01:17:56.203555,
2024-07-29,538,Harris,0.444,2024-09-14 01:15:27.479585,
2024-07-29,538,Trump,0.44,2024-09-14 01:15:27.480014,
2024-07-29,Economist,Harris,0.48,2024-09-14 01:24:27.274335,
2024-07-29,Economist,Trump,0.46,2024-09-14 01:24:27.274302,
2024-07-29,NS,Harris,0.442,2024-09-14 01:24:05.276189,
2024-07-29,NS,Trump,0.446,2024-09-14 01:24:05.276189,
2024-07-29,NYT,Harris,0.46,2024-09-14 01:24:05.278044,
2024-07-29,NYT,Trump,0.47,2024-09-14 01:24:05.278132,
2024-07-29,RCP,Harris,0.462,2024-09-14 01:17:56.203775,
2024-07-29,RCP,Trump,0.481,2024-09-14 01:17:56.203941,
2024-07-30,538,Harris,0.445,2024-09-14 01:15:27.480110,
2024-07-30,538,Trump,0.436,2024-09-14 01:15:27.480184,
2024-07-30,Economist,Harris,0.48,2024-09-14 01:24:27.274399,
2024-07-30,Economist,Trump,0.46,2024-09-14 01:24:27.274367,
2024-07-30,NS,Harris,0.441,2024-09-14 01:24:05.276189,
2024-07-30,NS,Trump,0.445,2024-09-14 01:24:05.276189,
2024-07-30,NYT,Harris,0.46,2024-09-14 01:24:05.278215,
2024-07-30,NYT,Trump,0.47,2024-09-14 01:24:05.278294,
2024-07-30,RCP,Harris,0.461,2024-09-14 01:17:56.204124,
2024-07-30,RCP,Trump,0.481,2024-09-14 01:17:56.204410,
2024-07-31,538,Harris,0.447,2024-09-14 01:15:27.480255,
2024-07-31,538,Trump,0.435,2024-09-14 01:15:27.480325,
2024-07-31,Economist,Harris,0.48,2024-09-14 01:24:27.274463,
2024-07-31,Economist,Trump,0.46,2024-09-14 01:24:27.274432,
2024-07-31,NS,Harris,0.444,2024-09-14 01:24:05.276189,
2024-07-31,NS,Trump,0.442,2024-09-14 01:24:05.276189,
2024-07-31,NYT,Harris,0.46,2024-09-14 01:24:05.278379,
2024-07-31,NYT,Trump,0.47,2024-09-14 01:24:05.278457,
2024-07-31,RCP,Harris,0.463,2024-09-14 01:17:56.204632,
2024-07-31,RCP,Trump,0.48,2024-09-14 01:17:56.204927,
2024-08-01,538,Harris,0.449,2024-09-14 01:15:27.480402,
2024-08-01,538,Trump,0.437,2024-09-14 01:15:27.480473,
2024-08-01,Economist,Harris,0.48,2024-09-14 01:24:27.274541,
2024-08-01,Economist,Trump,0.46,2024-09-14 01:24:27.274508,
2024-08-01,NS,Harris,0.448,2024-09-14 01:24:05.276189,
2024-08-01,NS,Trump,0.441,2024-09-14 01:24:05.276189,
2024-08-01,NYT,Harris,0.46,2024-09-14 01:24:05.278548,
2024-08-01,NYT,Trump,0.47,2024-09-14 01:24:05.278629,
2024-08-01,RCP,Harris,0.465,2024-09-14 01:17:56.205138,
2024-08-01,RCP,Trump,0.477,2024-09-14 01:17:56.205537,
2024-08-02,538,Harris,0.45,2024-09-14 01:15:27.480568,
2024-08-02,538,Trump,0.436,2024-09-14 01:15:27.480661,
2024-08-02,Economist,Harris,0.49,2024-09-14 01:24:27.274604,
2024-08-02,Economist,Trump,0.46,2024-09-14 01:24:27.274573,
2024-08-02,NS,Harris,0.45,2024-09-14 01:24:05.276189,
2024-08-02,NS,Trump,0.439,2024-09-14 01:24:05.276189,
2024-08-02,NYT,Harris,0.46,2024-09-14 01:24:05.278709,
2024-08-02,NYT,Trump,0.47,2024-09-14 01:24:05.278787,
2024-08-02,RCP,Harris,0.468,2024-09-14 01:17:56.205708,
2024-08-02,RCP,Trump,0.478,2024-09-14 01:17:56.206181,
2024-08-03,538,Harris,0.451,2024-09-14 01:15:27.480736,
2024-08-03,538,Trump,0.436,2024-09-14 01:15:27.480806,
2024-08-03,Economist,Harris,0.49,2024-09-14 01:24:27.274664,
2024-08-03,Economist,Trump,0.46,2024-09-14 01:24:27.274634,
2024-08-03,NS,Harris,0.451,2024-09-14 01:24:05.276189,
2024-08-03,NS,Trump,0.44,2024-09-14 01:24:05.276189,
2024-08-03,NYT,Harris,0.46,2024-09-14 01:24:05.278867,
2024-08-03,NYT,Trump,0.47,2024-09-14 01:24:05.278944,
2024-08-03,RCP,Harris,0.469,2024-09-14 01:17:56.206483,
2024-08-03,RCP,Trump,0.477,2024-09-14 01:17:56.206821,
2024-08-04,538,Harris,0.453,2024-09-14 01:15:27.480876,
2024-08-04,538,Trump,0.437,2024-09-14 01:15:27.481020,
2024-08-04,Economist,Harris,0.49,2024-09-14 01:24:27.274725,
2024-08-04,Economist,Trump,0.46,2024-09-14 01:24:27.274695,
2024-08-04,NS,Harris,0.455,2024-09-14 01:24:05.276189,
2024-08-04,NS,Trump,0.441,2024-09-14 01:24:05.276189,
2024-08-04,NYT,Harris,0.47,2024-09-14 01:24:05.279023,
2024-08-04,NYT,Trump,0.47,2024-09-14 01:24:05.279100,
2024-08-04,RCP,Harris,0.469,2024-09-14 01:17:56.207206,
2024-08-04,RCP,Trump,0.473,2024-09-14 01:17:56.207364,
2024-08-05,538,Harris,0.455,2024-09-14 01:15:27.481091,
2024-08-05,538,Trump,0.435,2024-09-14 01:15:27.481159,
2024-08-05,Economist,Harris,0.49,2024-09-14 01:24:27.274786,
2024-08-05,Economist,Trump,0.46,2024-09-14 01:24:27.274755,
2024-08-05,NS,Harris,0.457,2024-09-14 01:24:05.276189,
2024-08-05,NS,Trump,0.438,2024-09-14 01:24:05.276189,
2024-08-05,NYT,Harris,0.47,2024-09-14 01:24:05.279177,
2024-08-05,NYT,Trump,0.46,2024-09-14 01:24:05.279253,
2024-08-05,RCP,Harris,0.47,2024-09-14 01:17:56.207680,
2024-08-05,RCP,Trump,0.468,2024-09-14 01:17:56.207568,
2024-08-06,538,Harris,0.451,2024-09-14 01:15:27.481226,
2024-08-06,538,Trump,0.434,2024-09-14 01:15:27.481291,
2024-08-06,Economist,Harris,0.49,2024-09-14 01:24:27.274847,
2024-08-06,Economist,Trump,0.45,2024-09-14 01:24:27.274816,
2024-08-06,NS,Harris,0.457,2024-09-14 01:24:05.276189,
2024-08-06,NS,Trump,0.436,2024-09-14 01:24:05.276189,
2024-08-06,NYT,Harris,0.47,2024-09-14 01:24:05.279407,
2024-08-06,NYT,Trump,0.47,2024-09-14 01:24:05.279330,
2024-08-06,RCP,Harris,0.474,2024-09-14 01:17:56.207858,
2024-08-06,RCP,Trump,0.469,2024-09-14 01:17:56.207772,
2024-08-07,538,Harris,0.453,2024-09-14 01:15:27.481358,
2024-08-07,538,Trump,0.434,2024-09-14 01:15:27.481424,
2024-08-07,Economist,Harris,0.49,2024-09-14 01:24:27.274907,
2024-08-07,Economist,Trump,0.45,2024-09-14 01:24:27.274877,
2024-08-07,NS,Harris,0.458,2024-09-14 01:24:05.276189,
2024-08-07,NS,Trump,0.437,2024-09-14 01:24:05.276189,
2024-08-07,NYT,Harris,0.47,2024-09-14 01:24:05.279565,
2024-08-07,NYT,Trump,0.46,2024-09-14 01:24:05.279488,
2024-08-07,RCP,Harris,0.474,2024-09-14 01:17:56.208285,
2024-08-07,RCP,Trump,0.469,2024-09-14 01:17:56.207996,
2024-08-08,538,Harris,0.454,2024-09-14 01:15:27.481489,
2024-08-08,538,Trump,0.433,2024-09-14 01:15:27.481555,
2024-08-08,Economist,Harris,0.49,2024-09-14 01:24:27.274967,
2024-08-08,Economist,Trump,0.45,2024-09-14 01:24:27.274937,
2024-08-08,NS,Harris,0.464,2024-09-14 01:24:05.276189,
2024-08-08,NS,Trump,0.443,2024-09-14 01:24:05.276189,
2024-08-08,NYT,Harris,0.47,2024-09-14 01:24:05.279717,
2024-08-08,NYT,Trump,0.46,2024-09-14 01:24:05.279641,
2024-08-08,RCP,Harris,0.476,2024-09-14 01:17:56.208540,
2024-08-08,RCP,Trump,0.471,2024-09-14 01:17:56.208443,
2024-08-09,538,Harris,0.455,2024-09-14 01:15:27.481620,
2024-08-09,538,Trump,0.434,2024-09-14 01:15:27.481686,
2024-08-09,Economist,Harris,0.49,2024-09-14 01:24:27.275043,
2024-08-09,Economist,Trump,0.45,2024-09-14 01:24:27.274998,
2024-08-09,NS,Harris,0.463,2024-09-14 01:24:05.276189,
2024-08-09,NS,Trump,0.439,2024-09-14 01:24:05.276189,
2024-08-09,NYT,Harris,0.47,2024-09-14 01:24:05.279869,
2024-08-09,NYT,Trump,0.46,2024-09-14 01:24:05.279793,
2024-08-09,RCP,Harris,0.476,2024-09-14 01:17:56.208698,
2024-08-09,RCP,Trump,0.471,2024-09-14 01:17:56.208619,
2024-08-10,538,Harris,0.457,2024-09-14 01:15:27.481756,
2024-08-10,538,Trump,0.434,2024-09-14 01:15:27.481823,
2024-08-10,Economist,Harris,0.49,2024-09-14 01:24:27.275116,
2024-08-10,Economist,Trump,0.46,2024-09-14 01:24:27.275084,
2024-08-10,NS,Harris,0.465,2024-09-14 01:24:05.276189,
2024-08-10,NS,Trump,0.44,2024-09-14 01:24:05.276189,
2024-08-10,NYT,Harris,0.47,2024-09-14 01:24:05.280033,
2024-08-10,NYT,Trump,0.46,2024-09-14 01:24:05.279949,
2024-08-10,RCP,Harris,0.475,2024-09-14 01:17:56.208868,
2024-08-10,RCP,Trump,0.471,2024-09-14 01:17:56.208786,
2024-08-11,538,Harris,0.457,2024-09-14 01:15:27.481891,
2024-08-11,538,Trump,0.434,2024-09-14 01:15:27.481957,
2024-08-11,Economist,Harris,0.49,2024-09-14 01:24:27.275211,
2024-08-11,Economist,Trump,0.46,2024-09-14 01:24:27.275165,
2024-08-11,NS,Harris,0.465,2024-09-14 01:24:05.276189,
2024-08-11,NS,Trump,0.439,2024-09-14 01:24:05.276189,
2024-08-11,NYT,Harris,0.47,2024-09-14 01:24:05.280253,
2024-08-11,NYT,Trump,0.46,2024-09-14 01:24:05.280166,
2024-08-11,RCP,Harris,0.476,2024-09-14 01:17:56.209077,
2024-08-11,RCP,Trump,0.469,2024-09-14 01:17:56.208949,
2024-08-12,538,Harris,0.461,2024-09-14 01:15:27.482024,
2024-08-12,538,Trump,0.433,2024-09-14 01:15:27.482090,
2024-08-12,Economist,Harris,0.49,2024-09-14 01:24:27.275275,
2024-08-12,Economist,Trump,0.46,2024-09-14 01:24:27.275243,
2024-08-12,NS,Harris,0.466,2024-09-14 01:24:05.276189,
2024-08-12,NS,Trump,0.438,2024-09-14 01:24:05.276189,
2024-08-12,NYT,Harris,0.47,2024-09-14 01:24:05.280413,
2024-08-12,NYT,Trump,0.46,2024-09-14 01:24:05.280332,
2024-08-12,RCP,Harris,0.478,2024-09-14 01:17:56.210320,
2024-08-12,RCP,Trump,0.467,2024-09-14 01:17:56.209171,
2024-08-13,538,Harris,0.461,2024-09-14 01:15:27.482157,
2024-08-13,538,Trump,0.434,2024-09-14 01:15:27.482253,
2024-08-13,Economist,Harris,0.49,2024-09-14 01:24:27.275676,
2024-08-13,Economist,Trump,0.46,2024-09-14 01:24:27.275462,
2024-08-13,NS,Harris,0.468,2024-09-14 01:24:05.276189,
2024-08-13,NS,Trump,0.437,2024-09-14 01:24:05.276189,
2024-08-13,NYT,Harris,0.47,2024-09-14 01:24:05.280667,
2024-08-13,NYT,Trump,0.46,2024-09-14 01:24:05.280492,
2024-08-13,RCP,Harris,0.479,2024-09-14 01:17:56.210700,
2024-08-13,RCP,Trump,0.47,2024-09-14 01:17:56.210551,
2024-08-14,538,Harris,0.462,2024-09-14 01:15:27.482334,
2024-08-14,538,Trump,0.436,2024-09-14 01:15:27.482407,
2024-08-14,Economist,Harris,0.49,2024-09-14 01:24:27.275787,
2024-08-14,Economist,Trump,0.46,2024-09-14 01:24:27.275745,
2024-08-14,NS,Harris,0.469,2024-09-14 01:24:05.276189,
2024-08-14,NS,Trump,0.438,2024-09-14 01:24:05.276189,
2024-08-14,NYT,Harris,0.47,2024-09-14 01:24:05.280941,
2024-08-14,NYT,Trump,0.46,2024-09-14 01:24:05.280835,
2024-08-14,RCP,Harris,0.48,2024-09-14 01:17:56.211065,
2024-08-14,RCP,Trump,0.471,2024-09-14 01:17:56.210815,
2024-08-15,538,Harris,0.463,2024-09-14 01:15:27.482606,
2024-08-15,538,Trump,0.435,2024-09-14 01:15:27.482679,
2024-08-15,Economist,Harris,0.49,2024-09-14 01:24:27.275859,
2024-08-15,Economist,Trump,0.46,2024-09-14 01:24:27.275825,
2024-08-15,NS,Harris,0.469,2024-09-14 01:24:05.276189,
2024-08-15,NS,Trump,0.441,2024-09-14 01:24:05.276189,
2024-08-15,NYT,Harris,0.48,2024-09-14 01:24:05.281440,
2024-08-15,NYT,Trump,0.46,2024-09-14 01:24:05.281256,
2024-08-15,RCP,Harris,0.479,2024-09-14 01:17:56.240978,
2024-08-15,RCP,Trump,0.469,2024-09-14 01:17:56.239513,
2024-08-16,538,Harris,0.463,2024-09-14 01:15:27.482749,
2024-08-16,538,Trump,0.437,2024-09-14 01:15:27.482874,
2024-08-16,Economist,Harris,0.49,2024-09-14 01:24:27.275927,
2024-08-16,Economist,Trump,0.46,2024-09-14 01:24:27.275893,
2024-08-16,NS,Harris,0.467,2024-09-14 01:24:05.276189,
2024-08-16,NS,Trump,0.443,2024-09-14 01:24:05.276189,
2024-08-16,NYT,Harris,0.48,2024-09-14 01:24:05.281725,
2024-08-16,NYT,Trump,0.47,2024-09-14 01:24:05.281622,
2024-08-16,RCP,Harris,0.479,2024-09-14 01:17:56.248071,
2024-08-16,RCP,Trump,0.469,2024-09-14 01:17:56.247943,
2024-08-17,538,Harris,0.462,2024-09-14 01:15:27.483089,
2024-08-17,538,Trump,0.437,2024-09-14 01:15:27.483213,
2024-08-17,Economist,Harris,0.49,2024-09-14 01:24:27.275992,
2024-08-17,Economist,Trump,0.46,2024-09-14 01:24:27.275960,
2024-08-17,NS,Harris,0.467,2024-09-14 01:24:05.276189,
2024-08-17,NS,Trump,0.444,2024-09-14 01:24:05.276189,
2024-08-17,NYT,Harris,0.48,2024-09-14 01:24:05.281898,
2024-08-17,NYT,Trump,0.47,2024-09-14 01:24:05.281813,
2024-08-17,RCP,Harris,0.48,2024-09-14 01:17:56.248176,
2024-08-17,RCP,Trump,0.468,2024-09-14 01:17:56.248128,
2024-08-18,538,Harris,0.464,2024-09-14 01:15:27.483313,
2024-08-18,538,Trump,0.438,2024-09-14 01:15:27.483393,
2024-08-18,Economist,Harris,0.49,2024-09-14 01:24:27.276057,
2024-08-18,Economist,Trump,0.46,2024-09-14 01:24:27.276025,
2024-08-18,NS,Harris,0.471,2024-09-14 01:24:05.276189,
2024-08-18,NS,Trump,0.446,2024-09-14 01:24:05.276189,
2024-08-18,NYT,Harris,0.48,2024-09-14 01:24:05.282062,
2024-08-18,NYT,Trump,0.47,2024-09-14 01:24:05.281980,
2024-08-18,RCP,Harris,0.481,2024-09-14 01:17:56.248262,
2024-08-18,RCP,Trump,0.467,2024-09-14 01:17:56.248220,
2024-08-19,538,Harris,0.467,2024-09-14 01:15:27.483467,
2024-08-19,538,Trump,0.438,2024-09-14 01:15:27.483539,
2024-08-19,Economist,Harris,0.49,2024-09-14 01:24:27.276147,
2024-08-19,Economist,Trump,0.46,2024-09-14 01:24:27.276111,
2024-08-19,NS,Harris,0.47,2024-09-14 01:24:05.276189,
2024-08-19,NS,Trump,0.447,2024-09-14 01:24:05.276189,
2024-08-19,NYT,Harris,0.48,2024-09-14 01:24:05.282225,
2024-08-19,NYT,Trump,0.46,2024-09-14 01:24:05.282144,
2024-08-19,RCP,Harris,0.482,2024-09-14 01:17:56.248343,
2024-08-19,RCP,Trump,0.467,2024-09-14 01:17:56.248303,
2024-08-20,538,Harris,0.466,2024-09-14 01:15:27.483609,
2024-08-20,538,Trump,0.438,2024-09-14 01:15:27.483679,
2024-08-20,Economist,Harris,0.5,2024-09-14 01:24:27.276210,
2024-08-20,Economist,Trump,0.46,2024-09-14 01:24:27.276179,
2024-08-20,NS,Harris,0.47,2024-09-14 01:24:05.276189,
2024-08-20,NS,Trump,0.445,2024-09-14 01:24:05.276189,
2024-08-20,NYT,Harris,0.48,2024-09-14 01:24:05.282391,
2024-08-20,NYT,Trump,0.46,2024-09-14 01:24:05.282309,
2024-08-20,RCP,Harris,0.483,2024-09-14 01:17:56.248423,
2024-08-20,RCP,Trump,0.467,2024-09-14 01:17:56.248383,
2024-08-21,538,Harris,0.47,2024-09-14 01:15:27.483749,
2024-08-21,538,Trump,0.437,2024-09-14 01:15:27.483818,
2024-08-21,Economist,Harris,0.5,2024-09-14 01:24:27.276270,
2024-08-21,Economist,Trump,0.46,2024-09-14 01:24:27.276240,
2024-08-21,NS,Harris,0.47,2024-09-14 01:24:05.276189,
2024-08-21,NS,Trump,0.447,2024-09-14 01:24:05.276189,
2024-08-21,NYT,Harris,0.48,2024-09-14 01:24:05.282549,
2024-08-21,NYT,Trump,0.46,2024-09-14 01:24:05.282471,
2024-08-21,RCP,Harris,0.483,2024-09-14 01:17:56.248502,
2024-08-21,RCP,Trump,0.466,2024-09-14 01:17:56.248463,
2024-08-22,538,Harris,0.472,2024-09-14 01:15:27.483886,
2024-08-22,538,Trump,0.436,2024-09-14 01:15:27.483954,
2024-08-22,Economist,Harris,0.5,2024-09-14 01:24:27.276330,
2024-08-22,Economist,Trump,0.46,2024-09-14 01:24:27.276300,
2024-08-22,NS,Harris,0.469,2024-09-14 01:24:05.276189,
2024-08-22,NS,Trump,0.444,2024-09-14 01:24:05.276189,
2024-08-22,NYT,Harris,0.48,2024-09-14 01:24:05.282707,
2024-08-22,NYT,Trump,0.46,2024-09-14 01:24:05.282628,
2024-08-22,RCP,Harris,0.484,2024-09-14 01:17:56.248580,
2024-08-22,RCP,Trump,0.469,2024-09-14 01:17:56.248541,
2024-08-23,538,Harris,0.473,2024-09-14 01:15:27.484022,
2024-08-23,538,Trump,0.436,2024-09-14 01:15:27.484090,
2024-08-23,Economist,Harris,0.5,2024-09-14 01:24:27.276390,
2024-08-23,Economist,Trump,0.46,2024-09-14 01:24:27.276360,
2024-08-23,NS,Harris,0.48,2024-09-14 01:24:05.276189,
2024-08-23,NS,Trump,0.437,2024-09-14 01:24:05.276189,
2024-08-23,NYT,Harris,0.48,2024-09-14 01:24:05.282870,
2024-08-23,NYT,Trump,0.46,2024-09-14 01:24:05.282784,
2024-08-23,RCP,Harris,0.485,2024-09-14 01:17:56.248658,
2024-08-23,RCP,Trump,0.469,2024-09-14 01:17:56.248619,
2024-08-24,538,Harris,0.472,2024-09-14 01:15:27.484158,
2024-08-24,538,Trump,0.438,2024-09-14 01:15:27.484226,
2024-08-24,Economist,Harris,0.5,2024-09-14 01:24:27.276449,
2024-08-24,Economist,Trump,0.46,2024-09-14 01:24:27.276420,
2024-08-24,NS,Harris,0.488,2024-09-14 01:24:05.276189,
2024-08-24,NS,Trump,0.448,2024-09-14 01:24:05.276189,
2024-08-24,NYT,Harris,0.48,2024-09-14 01:24:05.283026,
2024-08-24,NYT,Trump,0.46,2024-09-14 01:24:05.282948,
2024-08-24,RCP,Harris,0.485,2024-09-14 01:17:56.248738,
2024-08-24,RCP,Trump,0.468,2024-09-14 01:17:56.248697,
2024-08-25,538,Harris,0.471,2024-09-14 01:15:27.484294,
2024-08-25,538,Trump,0.437,2024-09-14 01:15:27.484361,
2024-08-25,Economist,Harris,0.5,2024-09-14 01:24:27.276509,
2024-08-25,Economist,Trump,0.46,2024-09-14 01:24:27.276479,
2024-08-25,NS,Harris,0.489,2024-09-14 01:24:05.276189,
2024-08-25,NS,Trump,0.448,2024-09-14 01:24:05.276189,
2024-08-25,NYT,Harris,0.48,2024-09-14 01:24:05.283182,
2024-08-25,NYT,Trump,0.46,2024-09-14 01:24:05.283104,
2024-08-25,RCP,Harris,0.484,2024-09-14 01:17:56.248816,
2024-08-25,RCP,Trump,0.467,2024-09-14 01:17:56.248778,
2024-08-26,538,Harris,0.472,2024-09-14 01:15:27.484429,
2024-08-26,538,Trump,0.438,2024-09-14 01:15:27.484495,
2024-08-26,Economist,Harris,0.5,2024-09-14 01:24:27.276568,
2024-08-26,Economist,Trump,0.46,2024-09-14 01:24:27.276538,
2024-08-26,NS,Harris,0.489,2024-09-14 01:24:05.276189,
2024-08-26,NS,Trump,0.448,2024-09-14 01:24:05.276189,
2024-08-26,NYT,Harris,0.48,2024-09-14 01:24:05.283338,
2024-08-26,NYT,Trump,0.46,2024-09-14 01:24:05.283260,
2024-08-26,RCP,Harris,0.483,2024-09-14 01:17:56.248893,
2024-08-26,RCP,Trump,0.466,2024-09-14 01:17:56.248855,
2024-08-27,538,Harris,0.472,2024-09-14 01:15:27.484564,
2024-08-27,538,Trump,0.438,2024-09-14 01:15:27.484631,
2024-08-27,Economist,Harris,0.5,2024-09-14 01:24:27.276628,
2024-08-27,Economist,Trump,0.46,2024-09-14 01:24:27.276598,
2024-08-27,NS,Harris,0.492,2024-09-14 01:24:05.276189,
2024-08-27,NS,Trump,0.454,2024-09-14 01:24:05.276189,
2024-08-27,NYT,Harris,0.48,2024-09-14 01:24:05.283495,
2024-08-27,NYT,Trump,0.46,2024-09-14 01:24:05.283417,
2024-08-27,RCP,Harris,0.483,2024-09-14 01:17:56.248971,
2024-08-27,RCP,Trump,0.466,2024-09-14 01:17:56.248932,
2024-08-28,538,Harris,0.473,2024-09-14 01:15:27.484698,
2024-08-28,538,Trump,0.438,2024-09-14 01:15:27.484764,
2024-08-28,Economist,Harris,0.5,2024-09-14 01:24:27.276691,
2024-08-28,Economist,Trump,0.46,2024-09-14 01:24:27.276658,
2024-08-28,NS,Harris,0.49,2024-09-14 01:24:05.276189,
2024-08-28,NS,Trump,0.455,2024-09-14 01:24:05.276189,
2024-08-28,NYT,Harris,0.49,2024-09-14 01:24:05.283651,
2024-08-28,NYT,Trump,0.46,2024-09-14 01:24:05.283573,
2024-08-28,RCP,Harris,0.482,2024-09-14 01:17:56.249048,
2024-08-28,RCP,Trump,0.464,2024-09-14 01:17:56.249010,
2024-08-29,538,Harris,0.477,2024-09-14 01:15:27.484832,
2024-08-29,538,Trump,0.443,2024-09-14 01:15:27.484899,
2024-08-29,Economist,Harris,0.5,2024-09-14 01:24:27.276753,
2024-08-29,Economist,Trump,0.46,2024-09-14 01:24:27.276722,
2024-08-29,NS,Harris,0.488,2024-09-14 01:24:05.276189,
2024-08-29,NS,Trump,0.45,2024-09-14 01:24:05.276189,
2024-08-29,NYT,Harris,0.49,2024-09-14 01:24:05.283808,
2024-08-29,NYT,Trump,0.46,2024-09-14 01:24:05.283731,
2024-08-29,RCP,Harris,0.48,2024-09-14 01:17:56.249125,
2024-08-29,RCP,Trump,0.462,2024-09-14 01:17:56.249087,
2024-08-30,538,Harris,0.477,2024-09-14 01:15:27.484965,
2024-08-30,538,Trump,0.446,2024-09-14 01:15:27.485034,
2024-08-30,Economist,Harris,0.5,2024-09-14 01:24:27.276814,
2024-08-30,Economist,Trump,0.46,2024-09-14 01:24:27.276783,
2024-08-30,NS,Harris,0.49,2024-09-14 01:24:05.276189,
2024-08-30,NS,Trump,0.457,2024-09-14 01:24:05.276189,
2024-08-30,NYT,Harris,0.49,2024-09-14 01:24:05.284063,
2024-08-30,NYT,Trump,0.46,2024-09-14 01:24:05.283886,
2024-08-30,RCP,Harris,0.481,2024-09-14 01:17:56.249203,
2024-08-30,RCP,Trump,0.463,2024-09-14 01:17:56.249164,
2024-08-31,538,Harris,0.478,2024-09-14 01:15:27.485198,
2024-08-31,538,Trump,0.446,2024-09-14 01:15:27.485354,
2024-08-31,Economist,Harris,0.5,2024-09-14 01:24:27.276874,
2024-08-31,Economist,Trump,0.46,2024-09-14 01:24:27.276844,
2024-08-31,NS,Harris,0.491,2024-09-14 01:24:05.276189,
2024-08-31,NS,Trump,0.456,2024-09-14 01:24:05.276189,
2024-08-31,NYT,Harris,0.49,2024-09-14 01:24:05.284280,
2024-08-31,NYT,Trump,0.46,2024-09-14 01:24:05.284195,
2024-08-31,RCP,Harris,0.481,2024-09-14 01:17:56.249282,
2024-08-31,RCP,Trump,0.463,2024-09-14 01:17:56.249242,
2024-09-01,538,Harris,0.478,2024-09-14 01:15:27.485610,
2024-09-01,538,Trump,0.447,2024-09-14 01:15:27.485707,
2024-09-01,Economist,Harris,0.5,2024-09-14 01:24:27.276935,
2024-09-01,Economist,Trump,0.46,2024-09-14 01:24:27.276905,
2024-09-01,NS,Harris,0.492,2024-09-14 01:24:05.276189,
2024-09-01,NS,Trump,0.457,2024-09-14 01:24:05.276189,
2024-09-01,NYT,Harris,0.49,2024-09-14 01:24:05.284427,
2024-09-01,NYT,Trump,0.46,2024-09-14 01:24:05.284360,
2024-09-01,RCP,Harris,0.481,2024-09-14 01:17:56.249360,
2024-09-01,RCP,Trump,0.462,2024-09-14 01:17:56.249322,
2024-09-02,538,Harris,0.478,2024-09-14 01:15:27.485798,
2024-09-02,538,Trump,0.447,2024-09-14 01:15:27.485869,
2024-09-02,Economist,Harris,0.49,2024-09-14 01:24:27.276995,
2024-09-02,Economist,Trump,0.47,2024-09-14 01:24:27.276966,
2024-09-02,NS,Harris,0.49,2024-09-14 01:24:05.276189,
2024-09-02,NS,Trump,0.457,2024-09-14 01:24:05.276189,
2024-09-02,NYT,Harris,0.49,2024-09-14 01:24:05.284625,
2024-09-02,NYT,Trump,0.46,2024-09-14 01:24:05.284550,
2024-09-02,RCP,Harris,0.481,2024-09-14 01:17:56.249435,
2024-09-02,RCP,Trump,0.462,2024-09-14 01:17:56.249398,
2024-09-03,538,Harris,0.478,2024-09-14 01:15:27.485936,
2024-09-03,538,Trump,0.447,2024-09-14 01:15:27.486003,
2024-09-03,Economist,Harris,0.49,2024-09-14 01:24:27.277052,
2024-09-03,Economist,Trump,0.47,2024-09-14 01:24:27.277024,
2024-09-03,NS,Harris,0.489,2024-09-14 01:24:05.276189,
2024-09-03,NS,Trump,0.455,2024-09-14 01:24:05.276189,
2024-09-03,NYT,Harris,0.49,2024-09-14 01:24:05.284772,
2024-09-03,NYT,Trump,0.46,2024-09-14 01:24:05.284690,
2024-09-03,RCP,Harris,0.481,2024-09-14 01:17:56.249512,
2024-09-03,RCP,Trump,0.462,2024-09-14 01:17:56.249473,
2024-09-04,538,Harris,0.478,2024-09-14 01:15:27.486112,
2024-09-04,538,Trump,0.448,2024-09-14 01:15:27.486194,
2024-09-04,Economist,Harris,0.49,2024-09-14 01:24:27.277110,
2024-09-04,Economist,Trump,0.47,2024-09-14 01:24:27.277081,
2024-09-04,NS,Harris,0.489,2024-09-14 01:24:05.276189,
2024-09-04,NS,Trump,0.455,2024-09-14 01:24:05.276189,
2024-09-04,NYT,Harris,0.49,2024-09-14 01:24:05.285017,
2024-09-04,NYT,Trump,0.46,2024-09-14 01:24:05.284936,
2024-09-04,RCP,Harris,0.481,2024-09-14 01:17:56.249592,
2024-09-04,RCP,Trump,0.463,2024-09-14 01:17:56.249552,
2024-09-05,538,Harris,0.48,2024-09-14 01:15:27.486267,
2024-09-05,538,Trump,0.45,2024-09-14 01:15:27.486351,
2024-09-05,Economist,Harris,0.49,2024-09-14 01:24:27.277168,
2024-09-05,Economist,Trump,0.47,2024-09-14 01:24:27.277139,
2024-09-05,NS,Harris,0.49,2024-09-14 01:24:05.276189,
2024-09-05,NS,Trump,0.458,2024-09-14 01:24:05.276189,
2024-09-05,NYT,Harris,0.49,2024-09-14 01:24:05.285160,
2024-09-05,NYT,Trump,0.46,2024-09-14 01:24:05.285089,
2024-09-05,RCP,Harris,0.483,2024-09-14 01:17:56.249673,
2024-09-05,RCP,Trump,0.465,2024-09-14 01:17:56.249633,
2024-09-06,538,Harris,0.482,2024-09-14 01:15:27.486429,
2024-09-06,538,Trump,0.452,2024-09-14 01:15:27.486497,
2024-09-06,Economist,Harris,0.49,2024-09-14 01:24:27.277226,
2024-09-06,Economist,Trump,0.46,2024-09-14 01:24:27.277197,
2024-09-06,NS,Harris,0.49,2024-09-14 01:24:05.276189,
2024-09-06,NS,Trump,0.46,2024-09-14 01:24:05.276189,
2024-09-06,NYT,Harris,0.49,2024-09-14 01:24:05.285304,
2024-09-06,NYT,Trump,0.46,2024-09-14 01:24:05.285232,
2024-09-06,RCP,Harris,0.483,2024-09-14 01:17:56.249753,
2024-09-06,RCP,Trump,0.465,2024-09-14 01:17:56.249713,
2024-09-07,538,Harris,0.482,2024-09-14 01:15:27.486563,
2024-09-07,538,Trump,0.452,2024-09-14 01:15:27.486629,
2024-09-07,Economist,Harris,0.49,2024-09-14 01:24:27.277284,
2024-09-07,Economist,Trump,0.46,2024-09-14 01:24:27.277255,
2024-09-07,NS,Harris,0.49,2024-09-14 01:24:05.276189,
2024-09-07,NS,Trump,0.46,2024-09-14 01:24:05.276189,
2024-09-07,NYT,Harris,0.49,2024-09-14 01:24:05.285439,
2024-09-07,NYT,Trump,0.46,2024-09-14 01:24:05.285372,
2024-09-07,RCP,Harris,0.481,2024-09-14 01:17:56.249835,
2024-09-07,RCP,Trump,0.467,2024-09-14 01:17:56.249794,
2024-09-08,538,Harris,0.481,2024-09-14 01:15:27.486733,
2024-09-08,538,Trump,0.455,2024-09-14 01:15:27.486813,
2024-09-08,Economist,Harris,0.49,2024-09-14 01:24:27.277344,
2024-09-08,Economist,Trump,0.46,2024-09-14 01:24:27.277314,
2024-09-08,NS,Harris,0.487,2024-09-14 01:24:05.276189,
2024-09-08,NS,Trump,0.462,2024-09-14 01:24:05.276189,
2024-09-08,NYT,Harris,0.49,2024-09-14 01:24:05.285573,
2024-09-08,NYT,Trump,0.47,2024-09-14 01:24:05.285507,
2024-09-08,RCP,Harris,0.483,2024-09-14 01:17:56.249916,
2024-09-08,RCP,Trump,0.47,2024-09-14 01:17:56.249876,
2024-09-09,538,Harris,0.482,2024-09-14 01:15:27.486885,
2024-09-09,538,Trump,0.457,2024-09-14 01:15:27.486957,
2024-09-09,Economist,Harris,0.49,2024-09-14 01:24:27.277402,
2024-09-09,Economist,Trump,0.46,2024-09-14 01:24:27.277373,
2024-09-09,NS,Harris,0.489,2024-09-14 01:24:05.276189,
2024-09-09,NS,Trump,0.466,2024-09-14 01:24:05.276189,
2024-09-09,NYT,Harris,0.49,2024-09-14 01:24:05.285706,
2024-09-09,NYT,Trump,0.47,2024-09-14 01:24:05.285640,
2024-09-09,RCP,Harris,0.484,2024-09-14 01:17:56.249997,
2024-09-09,RCP,Trump,0.472,2024-09-14 01:17:56.249956,
2024-09-10,538,Harris,0.482,2024-09-14 01:15:27.487032,
2024-09-10,538,Trump,0.458,2024-09-14 01:15:27.487117,
2024-09-10,Economist,Harris,0.49,2024-09-14 01:24:27.277462,
2024-09-10,Economist,Trump,0.46,2024-09-14 01:24:27.277432,
2024-09-10,NS,Harris,0.489,2024-09-14 01:24:05.276189,
2024-09-10,NS,Trump,0.467,2024-09-14 01:24:05.276189,
2024-09-10,NYT,Harris,0.49,2024-09-14 01:24:05.285845,
2024-09-10,NYT,Trump,0.47,2024-09-14 01:24:05.285777,
2024-09-10,RCP,Harris,0.484,2024-09-14 01:17:56.250082,
2024-09-10,RCP,Trump,0.473,2024-09-14 01:17:56.250040,
2024-09-11,538,Harris,0.481,2024-09-14 01:15:27.487187,
2024-09-11,538,Trump,0.457,2024-09-14 01:15:27.487251,
2024-09-11,Economist,Harris,0.49,2024-09-14 01:24:27.277523,
2024-09-11,Economist,Trump,0.46,2024-09-14 01:24:27.277492,
2024-09-11,NS,Harris,0.487,2024-09-14 01:24:05.276189,
2024-09-11,NS,Trump,0.467,2024-09-14 01:24:05.276189,
2024-09-11,NYT,Harris,0.49,2024-09-14 01:24:05.285983,
2024-09-11,NYT,Trump,0.47,2024-09-14 01:24:05.285912,
2024-09-11,RCP,Harris,0.486,2024-09-14 01:17:56.250542,
2024-09-11,RCP,Trump,0.472,2024-09-14 01:17:56.250125,
2024-09-12,538,Harris,0.482,2024-09-14 01:15:27.487319,
2024-09-12,538,Trump,0.456,2024-09-14 01:15:27.487378,
2024-09-12,Economist,Harris,0.49,2024-09-14 01:24:27.277582,
2024-09-12,Economist,Trump,0.46,2024-09-14 01:24:27.277552,
2024-09-12,NS,Harris,0.487,2024-09-14 01:24:05.276189,
2024-09-12,NS,Trump,0.468,2024-09-14 01:24:05.276189,
2024-09-12,NYT,Harris,0.49,2024-09-14 01:24:05.286121,
2024-09-12,NYT,Trump,0.46,2024-09-14 01:24:05.286054,
2024-09-12,RCP,Harris,0.485,2024-09-14 01:17:56.250684,
2024-09-12,RCP,Trump,0.47,2024-09-14 01:17:56.250632,
2024-09-13,538,Harris,0.481,2024-09-14 01:15:27.478189,
2024-09-13,538,Trump,0.453,2024-09-14 01:15:27.478381,
2024-09-13,NS,Harris,0.483,2024-09-14 01:24:05.276189,
2024-09-13,NS,Trump,0.462,2024-09-14 01:24:05.276189,
2024-09-13,NYT,Harris,0.49,2024-09-14 01:24:05.286260,
2024-09-13,NYT,Trump,0.46,2024-09-14 01:24:05.286192,
2024-09-14,538,Harris,0.481,2024-09-14 20:13:47,
2024-09-14,538,Trump,0.453,2024-09-14 20:13:47,
2024-09-13,RCP,Harris,0.486,2024-09-14 20:13:50,
2024-09-13,RCP,Trump,0.469,2024-09-14 20:13:50,
2024-09-14,NYT,Trump,0.46,2024-09-14 20:13:53,
2024-09-14,NYT,Harris,0.49,2024-09-14 20:13:53,
2024-09-14,NS,Trump,0.462,2024-09-14 20:13:56,
2024-09-14,NS,Harris,0.486,2024-09-14 20:13:56,
2024-09-13,Economist,Harris,0.491,2024-09-14 20:15:35,
2024-09-13,Economist,Trump,0.461,2024-09-14 20:15:35,
2024-09-15,538,Harris,0.481,2024-09-15 20:21:35,
2024-09-15,538,Trump,0.454,2024-09-15 20:21:35,
2024-09-15,RCP,Harris,0.49,2024-09-15 20:21:44,
2024-09-15,RCP,Trump,0.473,2024-09-15 20:21:44,
2024-09-15,NYT,Trump,0.47,2024-09-15 20:22:04,
2024-09-15,NYT,Harris,0.49,2024-09-15 20:22:04,
2024-09-15,NS,Trump,0.464,2024-09-15 20:22:33,
2024-09-15,NS,Harris,0.486,2024-09-15 20:22:33,
2024-09-13,Economist,Harris,0.491,2024-09-15 20:29:01,
2024-09-13,Economist,Trump,0.461,2024-09-15 20:29:01,
2024-09-15,538,Harris,0.481,2024-09-16 11:36:57,
2024-09-15,538,Trump,0.454,2024-09-16 11:36:57,
2024-09-16,RCP,Harris,0.49,2024-09-16 11:36:59,
2024-09-16,RCP,Trump,0.473,2024-09-16 11:36:59,
2024-09-15,NYT,Trump,0.47,2024-09-16 11:37:03,
2024-09-15,NYT,Harris,0.49,2024-09-16 11:37:03,
2024-09-16,NS,Trump,0.464,2024-09-16 11:37:05,
2024-09-16,NS,Harris,0.486,2024-09-16 11:37:05,
2024-09-13,Economist,Harris,0.491,2024-09-16 11:37:09,
2024-09-13,Economist,Trump,0.461,2024-09-16 11:37:09,
2024-09-15,538,Harris,0.481,2024-09-16 14:06:06,
2024-09-15,538,Trump,0.454,2024-09-16 14:06:06,
2024-09-16,RCP,Harris,0.49,2024-09-16 14:06:08,
2024-09-16,RCP,Trump,0.473,2024-09-16 14:06:08,
2024-09-16,NYT,Trump,0.47,2024-09-16 14:06:13,
2024-09-16,NYT,Harris,0.49,2024-09-16 14:06:13,
2024-09-16,NS,Trump,0.464,2024-09-16 14:06:15,
2024-09-16,NS,Harris,0.486,2024-09-16 14:06:15,
2024-09-13,Economist,Harris,0.491,2024-09-16 14:06:20,
2024-09-13,Economist,Trump,0.461,2024-09-16 14:06:20,
2024-09-16,538,Harris,0.48,2024-09-16 20:04:40,
2024-09-16,538,Trump,0.454,2024-09-16 20:04:40,
2024-09-16,RCP,Harris,0.49,2024-09-16 20:04:42,
2024-09-16,RCP,Trump,0.473,2024-09-16 20:04:42,
2024-09-16,NYT,Trump,0.47,2024-09-16 20:04:45,
2024-09-16,NYT,Harris,0.49,2024-09-16 20:04:45,
2024-09-16,NS,Trump,0.463,2024-09-16 20:04:47,
2024-09-16,NS,Harris,0.485,2024-09-16 20:04:47,
2024-09-13,Economist,Harris,0.491,2024-09-16 20:04:51,
2024-09-13,Economist,Trump,0.461,2024-09-16 20:04:51,
2024-09-16,538,Harris,0.48,2024-09-17 02:12:11,
2024-09-16,538,Trump,0.454,2024-09-17 02:12:11,
2024-09-17,RCP,Harris,0.49,2024-09-17 02:12:13,
2024-09-17,RCP,Trump,0.473,2024-09-17 02:12:13,
2024-09-16,NYT,Trump,0.46,2024-09-17 02:12:16,
2024-09-16,NYT,Harris,0.49,2024-09-17 02:12:16,
2024-09-17,NS,Trump,0.463,2024-09-17 02:12:19,
2024-09-17,NS,Harris,0.485,2024-09-17 02:12:19,
2024-09-13,Economist,Harris,0.495,2024-09-17 02:12:23,
2024-09-13,Economist,Trump,0.464,2024-09-17 02:12:23,
2024-09-16,538,Harris,0.481,2024-09-17 08:04:54,
2024-09-16,538,Trump,0.453,2024-09-17 08:04:54,
2024-09-17,RCP,Harris,0.49,2024-09-17 08:04:56,
2024-09-17,RCP,Trump,0.473,2024-09-17 08:04:56,
2024-09-16,NYT,Trump,0.46,2024-09-17 08:05:00,
2024-09-16,NYT,Harris,0.49,2024-09-17 08:05:00,
2024-09-17,NS,Trump,0.463,2024-09-17 08:05:02,
2024-09-17,NS,Harris,0.485,2024-09-17 08:05:02,
2024-09-13,Economist,Harris,0.495,2024-09-17 08:05:07,
2024-09-13,Economist,Trump,0.464,2024-09-17 08:05:07,
2024-09-16,538,Harris,0.481,2024-09-17 14:05:34,
2024-09-16,538,Trump,0.453,2024-09-17 14:05:34,
2024-09-17,RCP,Harris,0.49,2024-09-17 14:05:36,
2024-09-17,RCP,Trump,0.473,2024-09-17 14:05:36,
2024-09-16,NYT,Trump,0.46,2024-09-17 14:05:40,
2024-09-16,NYT,Harris,0.49,2024-09-17 14:05:40,
2024-09-17,NS,Trump,0.463,2024-09-17 14:05:42,
2024-09-17,NS,Harris,0.485,2024-09-17 14:05:42,
2024-09-15,Economist,Harris,0.497,2024-09-17 14:05:47,
2024-09-15,Economist,Trump,0.463,2024-09-17 14:05:47,
2024-09-17,538,Harris,0.483,2024-09-17 19:55:17,
2024-09-17,538,Trump,0.454,2024-09-17 19:55:17,
2024-09-17,RCP,Harris,0.493,2024-09-17 19:55:19,
2024-09-17,RCP,Trump,0.473,2024-09-17 19:55:19,
2024-09-17,NYT,Trump,0.46,2024-09-17 19:55:23,
2024-09-17,NYT,Harris,0.5,2024-09-17 19:55:23,
2024-09-17,NS,Trump,0.46,2024-09-17 19:55:26,
2024-09-17,NS,Harris,0.489,2024-09-17 19:55:26,
2024-09-16,Economist,Harris,0.505,2024-09-17 19:55:31,
2024-09-16,Economist,Trump,0.461,2024-09-17 19:55:31,
2024-09-17,538,Harris,0.483,2024-09-17 20:04:43,
2024-09-17,538,Trump,0.454,2024-09-17 20:04:43,
2024-09-17,RCP,Harris,0.493,2024-09-17 20:04:44,
2024-09-17,RCP,Trump,0.473,2024-09-17 20:04:44,
2024-09-17,NYT,Trump,0.46,2024-09-17 20:04:48,
2024-09-17,NYT,Harris,0.5,2024-09-17 20:04:48,
2024-09-17,NS,Trump,0.46,2024-09-17 20:04:50,
2024-09-17,NS,Harris,0.489,2024-09-17 20:04:50,
2024-09-16,Economist,Harris,0.505,2024-09-17 20:04:54,
2024-09-16,Economist,Trump,0.461,2024-09-17 20:04:54,
2024-09-17,538,Harris,0.483,2024-09-18 02:14:34,
2024-09-17,538,Trump,0.453,2024-09-18 02:14:34,
2024-09-18,RCP,Harris,0.493,2024-09-18 02:14:35,
2024-09-18,RCP,Trump,0.473,2024-09-18 02:14:35,
2024-09-17,NYT,Trump,0.46,2024-09-18 02:14:43,
2024-09-17,NYT,Harris,0.5,2024-09-18 02:14:43,
2024-09-18,NS,Trump,0.46,2024-09-18 02:14:45,
2024-09-18,NS,Harris,0.489,2024-09-18 02:14:45,
2024-09-16,Economist,Harris,0.504,2024-09-18 02:14:51,
2024-09-16,Economist,Trump,0.459,2024-09-18 02:14:51,
2024-09-17,538,Harris,0.483,2024-09-18 08:04:48,
2024-09-17,538,Trump,0.453,2024-09-18 08:04:48,
2024-09-18,RCP,Harris,0.493,2024-09-18 08:04:50,
2024-09-18,RCP,Trump,0.473,2024-09-18 08:04:50,
2024-09-17,NYT,Trump,0.46,2024-09-18 08:04:53,
2024-09-17,NYT,Harris,0.5,2024-09-18 08:04:53,
2024-09-18,NS,Trump,0.46,2024-09-18 08:04:56,
2024-09-18,NS,Harris,0.489,2024-09-18 08:04:56,
2024-09-16,Economist,Harris,0.504,2024-09-18 08:05:00,
2024-09-16,Economist,Trump,0.459,2024-09-18 08:05:00,
2024-09-17,538,Harris,0.483,2024-09-18 14:05:38,
2024-09-17,538,Trump,0.453,2024-09-18 14:05:38,
2024-09-18,RCP,Harris,0.493,2024-09-18 14:05:39,
2024-09-18,RCP,Trump,0.473,2024-09-18 14:05:39,
2024-09-17,NYT,Trump,0.46,2024-09-18 14:09:30,
2024-09-17,NYT,Harris,0.5,2024-09-18 14:09:30,
2024-09-18,NS,Trump,0.46,2024-09-18 14:09:32,
2024-09-18,NS,Harris,0.489,2024-09-18 14:09:32,
2024-09-16,Economist,Harris,0.504,2024-09-18 14:09:37,
2024-09-16,Economist,Trump,0.459,2024-09-18 14:09:37,
2024-09-18,538,Harris,0.483,2024-09-18 20:04:54,
2024-09-18,538,Trump,0.453,2024-09-18 20:04:54,
2024-09-18,RCP,Harris,0.493,2024-09-18 20:04:56,
2024-09-18,RCP,Trump,0.473,2024-09-18 20:04:56,
2024-09-18,NYT,Trump,0.46,2024-09-18 20:05:00,
2024-09-18,NYT,Harris,0.5,2024-09-18 20:05:00,
2024-09-18,NS,Trump,0.46,2024-09-18 20:05:02,
2024-09-18,NS,Harris,0.491,2024-09-18 20:05:02,
2024-09-16,Economist,Harris,0.504,2024-09-18 20:05:07,
2024-09-16,Economist,Trump,0.459,2024-09-18 20:05:07,
2024-09-18,538,Harris,0.485,2024-09-19 02:14:30,
2024-09-18,538,Trump,0.452,2024-09-19 02:14:30,
2024-09-19,RCP,Harris,0.494,2024-09-19 02:14:32,
2024-09-19,RCP,Trump,0.474,2024-09-19 02:14:32,
2024-09-18,NYT,Trump,0.46,2024-09-19 02:14:35,
2024-09-18,NYT,Harris,0.5,2024-09-19 02:14:35,
2024-09-19,NS,Trump,0.46,2024-09-19 02:14:38,
2024-09-19,NS,Harris,0.491,2024-09-19 02:14:38,
2024-09-16,Economist,Harris,0.504,2024-09-19 02:14:43,
2024-09-16,Economist,Trump,0.459,2024-09-19 02:14:43,
2024-09-18,538,Harris,0.485,2024-09-19 08:04:59,
2024-09-18,538,Trump,0.452,2024-09-19 08:04:59,
2024-09-19,RCP,Harris,0.494,2024-09-19 08:05:01,
2024-09-19,RCP,Trump,0.474,2024-09-19 08:05:01,
2024-09-19,NYT,Trump,0.47,2024-09-19 08:05:04,
2024-09-19,NYT,Harris,0.5,2024-09-19 08:05:04,
2024-09-19,NS,Trump,0.46,2024-09-19 08:05:07,
2024-09-19,NS,Harris,0.491,2024-09-19 08:05:07,
2024-09-16,Economist,Harris,0.504,2024-09-19 08:05:12,
2024-09-16,Economist,Trump,0.459,2024-09-19 08:05:12,
2024-09-18,538,Harris,0.485,2024-09-19 14:05:40,
2024-09-18,538,Trump,0.452,2024-09-19 14:05:40,
2024-09-19,RCP,Harris,0.492,2024-09-19 14:05:42,
2024-09-19,RCP,Trump,0.473,2024-09-19 14:05:42,
2024-09-19,NYT,Trump,0.47,2024-09-19 14:05:46,
2024-09-19,NYT,Harris,0.49,2024-09-19 14:05:46,
2024-09-19,NS,Trump,0.46,2024-09-19 14:05:51,Success after 1 retries
2024-09-19,NS,Harris,0.491,2024-09-19 14:05:51,Success after 1 retries
2024-09-17,Economist,Harris,0.501,2024-09-19 14:05:56,
2024-09-17,Economist,Trump,0.456,2024-09-19 14:05:56,
2024-09-19,538,Harris,0.483,2024-09-19 20:04:26,
2024-09-19,538,Trump,0.455,2024-09-19 20:04:26,
2024-09-19,RCP,Harris,0.493,2024-09-19 20:04:27,
2024-09-19,RCP,Trump,0.474,2024-09-19 20:04:27,
2024-09-19,NYT,Trump,0.47,2024-09-19 20:04:31,
2024-09-19,NYT,Harris,0.49,2024-09-19 20:04:31,
2024-09-19,NS,Trump,0.462,2024-09-19 20:04:34,
2024-09-19,NS,Harris,0.489,2024-09-19 20:04:34,
2024-09-17,Economist,Harris,0.501,2024-09-19 20:04:39,
2024-09-17,Economist,Trump,0.456,2024-09-19 20:04:39,
2024-09-19,538,Harris,0.484,2024-09-20 02:14:18,
2024-09-19,538,Trump,0.455,2024-09-20 02:14:18,
2024-09-20,RCP,Harris,0.493,2024-09-20 02:14:20,
2024-09-20,RCP,Trump,0.474,2024-09-20 02:14:20,
2024-09-19,NYT,Trump,0.47,2024-09-20 02:14:23,
2024-09-19,NYT,Harris,0.49,2024-09-20 02:14:23,
2024-09-20,NS,Trump,0.462,2024-09-20 02:14:26,
2024-09-20,NS,Harris,0.489,2024-09-20 02:14:26,
2024-09-19,Economist,Harris,0.499,2024-09-20 02:14:31,
2024-09-19,Economist,Trump,0.456,2024-09-20 02:14:31,
2024-09-19,538,Harris,0.484,2024-09-20 08:04:49,
2024-09-19,538,Trump,0.455,2024-09-20 08:04:49,
2024-09-20,RCP,Harris,0.493,2024-09-20 08:04:51,
2024-09-20,RCP,Trump,0.474,2024-09-20 08:04:51,
2024-09-19,NYT,Trump,0.47,2024-09-20 08:04:55,
2024-09-19,NYT,Harris,0.49,2024-09-20 08:04:55,
2024-09-20,NS,Trump,0.462,2024-09-20 08:04:57,
2024-09-20,NS,Harris,0.489,2024-09-20 08:04:57,
2024-09-19,Economist,Harris,0.499,2024-09-20 08:05:02,
2024-09-19,Economist,Trump,0.456,2024-09-20 08:05:02,
2024-09-19,538,Harris,0.484,2024-09-20 14:05:35,
2024-09-19,538,Trump,0.455,2024-09-20 14:05:35,
2024-09-20,RCP,Harris,0.493,2024-09-20 14:05:37,
2024-09-20,RCP,Trump,0.474,2024-09-20 14:05:37,
2024-09-20,NYT,Trump,0.47,2024-09-20 14:05:40,
2024-09-20,NYT,Harris,0.49,2024-09-20 14:05:40,
2024-09-20,NS,Trump,0.462,2024-09-20 14:05:42,
2024-09-20,NS,Harris,0.489,2024-09-20 14:05:42,
2024-09-19,Economist,Harris,0.499,2024-09-20 14:05:48,
2024-09-19,Economist,Trump,0.456,2024-09-20 14:05:48,
2024-09-20,538,Harris,0.483,2024-09-20 20:04:39,
2024-09-20,538,Trump,0.456,2024-09-20 20:04:39,
2024-09-20,RCP,Harris,0.493,2024-09-20 20:04:41,
2024-09-20,RCP,Trump,0.474,2024-09-20 20:04:41,
2024-09-20,NYT,Trump,0.47,2024-09-20 20:04:44,
2024-09-20,NYT,Harris,0.49,2024-09-20 20:04:44,
2024-09-20,NS,Trump,0.461,2024-09-20 20:04:46,
2024-09-20,NS,Harris,0.489,2024-09-20 20:04:46,
2024-09-19,Economist,Harris,0.5,2024-09-20 20:04:51,
2024-09-19,Economist,Trump,0.46,2024-09-20 20:04:51,
2024-09-20,538,Harris,0.483,2024-09-21 02:13:50,
2024-09-20,538,Trump,0.456,2024-09-21 02:13:50,
2024-09-21,RCP,Harris,0.493,2024-09-21 02:13:52,
2024-09-21,RCP,Trump,0.474,2024-09-21 02:13:52,
2024-09-20,NYT,Trump,0.47,2024-09-21 02:13:55,
2024-09-20,NYT,Harris,0.49,2024-09-21 02:13:55,
2024-09-21,NS,Trump,0.461,2024-09-21 02:13:57,
2024-09-21,NS,Harris,0.489,2024-09-21 02:13:57,
2024-09-19,Economist,Harris,0.5,2024-09-21 02:14:02,
2024-09-19,Economist,Trump,0.46,2024-09-21 02:14:02,
2024-09-20,538,Harris,0.484,2024-09-21 08:04:40,
2024-09-20,538,Trump,0.456,2024-09-21 08:04:40,
2024-09-21,RCP,Harris,0.493,2024-09-21 08:04:43,
2024-09-21,RCP,Trump,0.474,2024-09-21 08:04:43,
2024-09-21,NYT,Trump,0.47,2024-09-21 08:04:47,
2024-09-21,NYT,Harris,0.49,2024-09-21 08:04:47,
2024-09-21,NS,Trump,0.461,2024-09-21 08:04:49,
2024-09-21,NS,Harris,0.489,2024-09-21 08:04:49,
2024-09-19,Economist,Harris,0.5,2024-09-21 08:04:54,
2024-09-19,Economist,Trump,0.46,2024-09-21 08:04:54,
2024-09-20,538,Harris,0.484,2024-09-21 14:05:09,
2024-09-20,538,Trump,0.456,2024-09-21 14:05:09,
2024-09-21,RCP,Harris,0.493,2024-09-21 14:05:11,
2024-09-21,RCP,Trump,0.474,2024-09-21 14:05:11,
2024-09-21,NYT,Trump,0.47,2024-09-21 14:05:14,
2024-09-21,NYT,Harris,0.49,2024-09-21 14:05:14,
2024-09-21,NS,Trump,0.461,2024-09-21 14:05:16,
2024-09-21,NS,Harris,0.489,2024-09-21 14:05:16,
2024-09-19,Economist,Harris,0.5,2024-09-21 14:05:21,
2024-09-19,Economist,Trump,0.46,2024-09-21 14:05:21,
2024-09-21,538,Harris,0.484,2024-09-21 20:04:03,
2024-09-21,538,Trump,0.455,2024-09-21 20:04:03,
2024-09-21,RCP,Harris,0.493,2024-09-21 20:04:05,
2024-09-21,RCP,Trump,0.474,2024-09-21 20:04:05,
2024-09-21,NYT,Trump,0.47,2024-09-21 20:04:09,
2024-09-21,NYT,Harris,0.49,2024-09-21 20:04:09,
2024-09-21,NS,Trump,0.463,2024-09-21 20:04:11,
2024-09-21,NS,Harris,0.49,2024-09-21 20:04:11,
2024-09-19,Economist,Harris,0.5,2024-09-21 20:04:16,
2024-09-19,Economist,Trump,0.46,2024-09-21 20:04:16,
2024-09-21,538,Harris,0.483,2024-09-22 02:15:56,
2024-09-21,538,Trump,0.456,2024-09-22 02:15:56,
2024-09-22,RCP,Harris,0.493,2024-09-22 02:15:58,
2024-09-22,RCP,Trump,0.474,2024-09-22 02:15:58,
2024-09-21,NYT,Trump,0.47,2024-09-22 02:16:02,
2024-09-21,NYT,Harris,0.49,2024-09-22 02:16:02,
2024-09-22,NS,Trump,0.463,2024-09-22 02:16:04,
2024-09-22,NS,Harris,0.49,2024-09-22 02:16:04,
2024-09-19,Economist,Harris,0.5,2024-09-22 02:16:09,
2024-09-19,Economist,Trump,0.46,2024-09-22 02:16:09,
2024-09-21,538,Harris,0.483,2024-09-22 08:04:23,
2024-09-21,538,Trump,0.456,2024-09-22 08:04:23,
2024-09-22,RCP,Harris,0.493,2024-09-22 08:04:25,
2024-09-22,RCP,Trump,0.474,2024-09-22 08:04:25,
2024-09-22,NYT,Trump,0.47,2024-09-22 08:04:28,
2024-09-22,NYT,Harris,0.49,2024-09-22 08:04:28,
2024-09-22,NS,Trump,0.463,2024-09-22 08:04:30,
2024-09-22,NS,Harris,0.49,2024-09-22 08:04:30,
2024-09-19,Economist,Harris,0.5,2024-09-22 08:04:35,
2024-09-19,Economist,Trump,0.46,2024-09-22 08:04:35,
2024-09-21,538,Harris,0.483,2024-09-22 14:05:18,
2024-09-21,538,Trump,0.456,2024-09-22 14:05:18,
2024-09-22,RCP,Harris,0.493,2024-09-22 14:05:20,
2024-09-22,RCP,Trump,0.474,2024-09-22 14:05:20,
2024-09-22,NYT,Trump,0.47,2024-09-22 14:05:23,
2024-09-22,NYT,Harris,0.49,2024-09-22 14:05:23,
2024-09-22,NS,Trump,0.463,2024-09-22 14:05:25,
2024-09-22,NS,Harris,0.49,2024-09-22 14:05:25,
2024-09-19,Economist,Harris,0.5,2024-09-22 14:05:30,
2024-09-19,Economist,Trump,0.46,2024-09-22 14:05:30,
2024-09-22,538,Harris,0.484,2024-09-22 20:04:22,
2024-09-22,538,Trump,0.455,2024-09-22 20:04:22,
2024-09-22,RCP,Harris,0.494,2024-09-22 20:04:24,
2024-09-22,RCP,Trump,0.472,2024-09-22 20:04:24,
2024-09-22,NYT,Trump,0.47,2024-09-22 20:04:29,
2024-09-22,NYT,Harris,0.5,2024-09-22 20:04:29,
2024-09-22,NS,Trump,0.462,2024-09-22 20:04:31,
2024-09-22,NS,Harris,0.492,2024-09-22 20:04:31,
2024-09-19,Economist,Harris,0.5,2024-09-22 20:04:37,
2024-09-19,Economist,Trump,0.46,2024-09-22 20:04:37,
2024-09-22,538,Harris,0.484,2024-09-23 02:14:53,
2024-09-22,538,Trump,0.455,2024-09-23 02:14:53,
2024-09-23,RCP,Harris,0.494,2024-09-23 02:14:55,
2024-09-23,RCP,Trump,0.472,2024-09-23 02:14:55,
2024-09-22,NYT,Trump,0.47,2024-09-23 02:14:58,
2024-09-22,NYT,Harris,0.5,2024-09-23 02:14:58,
2024-09-23,NS,Trump,0.462,2024-09-23 02:15:01,
2024-09-23,NS,Harris,0.492,2024-09-23 02:15:01,
2024-09-20,Economist,Harris,0.503,2024-09-23 02:15:07,
2024-09-20,Economist,Trump,0.463,2024-09-23 02:15:07,
2024-09-22,538,Harris,0.484,2024-09-23 08:05:08,
2024-09-22,538,Trump,0.455,2024-09-23 08:05:08,
2024-09-23,RCP,Harris,0.494,2024-09-23 08:05:10,
2024-09-23,RCP,Trump,0.472,2024-09-23 08:05:10,
2024-09-23,NYT,Trump,0.47,2024-09-23 08:05:14,
2024-09-23,NYT,Harris,0.5,2024-09-23 08:05:14,
2024-09-23,NS,Trump,0.462,2024-09-23 08:05:16,
2024-09-23,NS,Harris,0.492,2024-09-23 08:05:16,
2024-09-20,Economist,Harris,0.503,2024-09-23 08:05:21,
2024-09-20,Economist,Trump,0.463,2024-09-23 08:05:21,
2024-09-22,538,Harris,0.484,2024-09-23 14:06:17,
2024-09-22,538,Trump,0.455,2024-09-23 14:06:17,
2024-09-23,RCP,Harris,0.494,2024-09-23 14:06:19,
2024-09-23,RCP,Trump,0.472,2024-09-23 14:06:19,
2024-09-23,NYT,Trump,0.47,2024-09-23 14:06:22,
2024-09-23,NYT,Harris,0.5,2024-09-23 14:06:22,
2024-09-23,NS,Trump,0.462,2024-09-23 14:06:25,
2024-09-23,NS,Harris,0.492,2024-09-23 14:06:25,
2024-09-20,Economist,Harris,0.503,2024-09-23 14:06:29,
2024-09-20,Economist,Trump,0.463,2024-09-23 14:06:29,
2024-09-23,538,Harris,0.483,2024-09-23 20:04:35,
2024-09-23,538,Trump,0.457,2024-09-23 20:04:35,
2024-09-23,RCP,Harris,0.494,2024-09-23 20:04:37,
2024-09-23,RCP,Trump,0.472,2024-09-23 20:04:37,
2024-09-23,NYT,Trump,0.47,2024-09-23 20:04:40,
2024-09-23,NYT,Harris,0.5,2024-09-23 20:04:40,
2024-09-23,NS,Trump,0.463,2024-09-23 20:04:43,
2024-09-23,NS,Harris,0.492,2024-09-23 20:04:43,
2024-09-20,Economist,Harris,0.503,2024-09-23 20:04:48,
2024-09-20,Economist,Trump,0.463,2024-09-23 20:04:48,
2024-09-23,538,Harris,0.483,2024-09-24 02:14:33,
2024-09-23,538,Trump,0.456,2024-09-24 02:14:33,
2024-09-24,RCP,Harris,0.494,2024-09-24 02:14:35,
2024-09-24,RCP,Trump,0.472,2024-09-24 02:14:35,
2024-09-23,NYT,Trump,0.47,2024-09-24 02:14:38,
2024-09-23,NYT,Harris,0.5,2024-09-24 02:14:38,
2024-09-24,NS,Trump,0.463,2024-09-24 02:14:40,
2024-09-24,NS,Harris,0.492,2024-09-24 02:14:40,
2024-09-20,Economist,Harris,0.503,2024-09-24 02:14:46,
2024-09-20,Economist,Trump,0.463,2024-09-24 02:14:46,
2024-09-23,538,Harris,0.483,2024-09-24 08:05:21,
2024-09-23,538,Trump,0.456,2024-09-24 08:05:21,
2024-09-24,RCP,Harris,0.494,2024-09-24 08:05:23,
2024-09-24,RCP,Trump,0.472,2024-09-24 08:05:23,
2024-09-24,NYT,Trump,0.47,2024-09-24 08:05:27,
2024-09-24,NYT,Harris,0.5,2024-09-24 08:05:27,
2024-09-24,NS,Trump,0.463,2024-09-24 08:05:29,
2024-09-24,NS,Harris,0.492,2024-09-24 08:05:29,
2024-09-20,Economist,Harris,0.503,2024-09-24 08:05:34,
2024-09-20,Economist,Trump,0.463,2024-09-24 08:05:34,
2024-09-23,538,Harris,0.483,2024-09-24 14:05:10,
2024-09-23,538,Trump,0.456,2024-09-24 14:05:10,
2024-09-24,RCP,Harris,0.494,2024-09-24 14:05:12,
2024-09-24,RCP,Trump,0.472,2024-09-24 14:05:12,
2024-09-24,NYT,Trump,0.47,2024-09-24 14:05:15,
2024-09-24,NYT,Harris,0.5,2024-09-24 14:05:15,
2024-09-24,NS,Trump,0.463,2024-09-24 14:05:18,
2024-09-24,NS,Harris,0.492,2024-09-24 14:05:18,
2024-09-20,Economist,Harris,0.503,2024-09-24 14:05:23,
2024-09-20,Economist,Trump,0.463,2024-09-24 14:05:23,
2024-09-24,538,Harris,0.482,2024-09-24 20:04:38,
2024-09-24,538,Trump,0.457,2024-09-24 20:04:38,
2024-09-24,RCP,Harris,0.493,2024-09-24 20:04:40,
2024-09-24,RCP,Trump,0.47,2024-09-24 20:04:40,
2024-09-24,NYT,Trump,0.47,2024-09-24 20:04:44,
2024-09-24,NYT,Harris,0.49,2024-09-24 20:04:44,
2024-09-24,NS,Trump,0.463,2024-09-24 20:04:46,
2024-09-24,NS,Harris,0.492,2024-09-24 20:04:46,
2024-09-20,Economist,Harris,0.503,2024-09-24 20:04:52,
2024-09-20,Economist,Trump,0.463,2024-09-24 20:04:52,
